,Blog title,Blog date,Blog image URL,Blog likes count
0,"Maximize Your Hotel’s Exposure with Google AdSense’s New ""Related Search"" Feature in Auto Ads","October 20, 2023",https://rategain.com/blog/new-related-search-feature-in-auto-ads/,2 likes
1,Beyond Reach & Frequency: Hotels' New Era with Facebook's 'Reservation' Buying Type,"October 12, 2023",https://rategain.com/blog/facebook-reservation-buying-type/,3 likes
2,Managing Overbookings and Cancellations with Hotel Booking Engines,"October 5, 2023",https://rategain.com/blog/managing-overbookings-and-cancellations-with-hotel-booking-engines/,2 likes
3,Global Distribution System (GDS) vs. Channel Manager: Which is Right for Your Hotel,"October 1, 2023",https://rategain.com/blog/gds-vs-channel-manager/,2 likes
4,Jingle All the Way: Europe Christmas Travel Trends,"September 28, 2023",https://rategain.com/blog/europe-christmas-travel-trends/,1 like
5,Why Bing Hotel Ads Should Be in Your Marketing Mix,"September 28, 2023",https://rategain.com/blog/bing-hotel-ads/,1 like
6,Unraveling the Alchemy: Year-End Travel Trends in Singapore,"September 26, 2023",https://rategain.com/blog/year-end-travel-trends-in-singapore/,1 like
7,Year-End U.S. Domestic Travel Insights: A Revenue Manager's Guide to Success,"September 25, 2023",https://rategain.com/blog/year-end-us-domestic-travel-insights/,1 like
8,Unlocking Top Travel Destinations in Egypt: A Hotelier's Playbook,"September 25, 2023",https://rategain.com/blog/top-travel-destinations-in-egypt/,0 likes
9,Shaping Success in Egypt's Dynamic Hospitality Landscape: A Roadmap for Hoteliers,"September 22, 2023",https://rategain.com/blog/egypt-hotel-strategies/,0 likes
10,Checking In to a Greener Future: Renewable Energy in Hotels,"September 15, 2023",https://rategain.com/blog/renewable-energy-in-hotels/,0 likes
11,Sustaining Communities: The Role of Travel Sellers in Sustainable Tourism,"September 14, 2023",https://rategain.com/blog/role-of-travel-sellers-in-sustainable-tourism/,0 likes
12,Flowing Towards Sustainability: Water Conservation in Hotels,"September 11, 2023",https://rategain.com/blog/water-conservation-in-hotels/,1 like
13,Eco-Friendly Practices in Vacation Rentals: A Win-Win for Guests and the Environment,"September 10, 2023",https://rategain.com/blog/eco-friendly-practices-in-vacation-rentals/,0 likes
14,Zero-Waste Travel: A Sustainable Path to Explore the World,"September 9, 2023",https://rategain.com/blog/zero-waste-travel/,0 likes
15,Building a Greener Future: Sustainable Supply Chain Management in Hotels,"September 8, 2023",https://rategain.com/blog/sustainable-supply-chain-management-in-hotels/,0 likes
16,Airline Sustainability Initiatives: How Airlines are Going Green,"September 7, 2023",https://rategain.com/blog/airline-sustainability-initiatives/,0 likes
17,Exploring Eco-Tourism: Where Nature Meets Responsible Travel,"September 6, 2023",https://rategain.com/blog/eco-tourism/,0 likes
18,Measuring and Reporting Sustainability Impact: Metrics for Hotels and Travel Sellers,"September 6, 2023",https://rategain.com/blog/sustainability-impact-for-hotels-and-travel-sellers/,0 likes
19,Reducing Carbon Footprint: Sustainable Practices for Tour Operators,"September 5, 2023",https://rategain.com/blog/sustainable-practices-for-tour-operators/,1 like
20,Preserving Paradise: Biodiversity Conservation in Travel,"September 4, 2023",https://rategain.com/blog/biodiversity-conservation-in-travel/,0 likes
21,"How Green is your Hotel? Do Good and Show it to the World – on Google, for Example","September 3, 2023",https://rategain.com/blog/how-green-is-your-hotel/,1 like
22,The Digital Evolution of UK Hospitality: A Historic Journey From Keys to Clicks,"September 1, 2023",https://rategain.com/blog/evolution-of-uk-hospitality/,1 like
23,Driving Green: The Future of Sustainable Car Rentals,"September 1, 2023",https://rategain.com/blog/future-of-sustainable-car-rentals/,0 likes
24,Taste the Future: Sustainable Food Practices in Hotels and Restaurants,"September 1, 2023",https://rategain.com/blog/sustainable-food-practices-in-hotels-and-restaurants/,0 likes
25,The Heart of Travel: DMOs and Their Impact on Local Economies,"September 1, 2023",https://rategain.com/blog/impact-of-dmo-on-local-economies/,0 likes
26,Exploring India's Travel Resurgence: From G20 Summit to Cricket Hype Amidst a High-Demand Festive Season,"August 31, 2023",https://rategain.com/blog/the-world-is-coming-to-india-this-winters/,2 likes
27,Social Media Meets Google Business Profile: Here's Why You Should Care,"August 21, 2023",https://rategain.com/blog/add-social-media-to-google-business-profile/,1 like
28,Connect the Dots: Decoding Common Hotel System Connectivity Challenges,"August 18, 2023",https://rategain.com/blog/hotel-system-connectivity-challenges/,1 like
29,GA4's New User Data Export to BigQuery: Your Key to Hyper-Personalized Hotel Marketing,"August 17, 2023",https://rategain.com/blog/ga4-user-data-export-to-big-query-for-hotels/,1 like
30,How AI and Machine Learning are Shaping Hotel Search Engines,"August 16, 2023",https://rategain.com/blog/role-of-ai-ml-in-hotel-search-engines/,1 like
31,Unpacking Global DE&I Pillars: A Strategy for Inclusivity,"August 16, 2023",https://rategain.com/blog/global-dei-strategy/,1 like
32,"The Evolution of Hotel Search Engines: Past, Present, and Future","August 15, 2023",https://rategain.com/blog/evolution-of-hotel-search-engines/,1 like
33,From Green Revolution to Space Exploration: 75 Innovations Propelling India Beyond 75,"August 14, 2023",https://rategain.com/blog/top-innovations-of-independent-india/,1 like
34,Going Green: How Hotel Search Engines are Championing the Cause of Sustainable Travel,"August 10, 2023",https://rategain.com/blog/hotel-search-engines-promoting-sustainability/,1 like
35,Get Noticed: The Smart Hotelier's Guide to Google's Filtered Search Carousel,"August 9, 2023",https://rategain.com/blog/google-hotel-filtered-search-carousel/,1 like
36,Understanding the Mechanics of Hotel Search Engines,"August 9, 2023",https://rategain.com/blog/hotel-search-engines/,1 like
37,Hospitality in the Digital Age: Software Breakthroughs and What's Next,"August 8, 2023",https://rategain.com/blog/hospitality-softwares/,1 like
38,Gaining a Competitive Edge at Every Stage of the Traveler Journey,"August 4, 2023",https://rategain.com/blog/gaining-a-competitive-edge-at-every-stage-of-the-traveler-journey/,1 like
39,Elevate Your Hotel's Performance with Revenue Management Analytics,"August 4, 2023",https://rategain.com/blog/hotel-revenue-management-analytics/,1 like
40,How Hotels Can Stay Ahead in the Dynamic Hospitality Industry,"August 4, 2023",https://rategain.com/blog/stay-competitive-in-hospitality-industry/,1 like
41,What is Hospitality Management? Why is it Important?,"August 1, 2023",https://rategain.com/blog/hospitality-management/,0 likes
42,Has 'The Swiftie Fever' Opened New Travel Avenues In the U.S.,"August 1, 2023",https://rategain.com/blog/pop-icons-driving-travel-demand/,0 likes
43,How to Make Technology Partnerships Successful for Hotels,"July 21, 2023",https://rategain.com/blog/technology-partnerships-for-hotels/,0 likes
44,AI and Machine Learning – Who Will Lead the Change and What Will it Look Like?,"July 20, 2023",https://rategain.com/blog/ai-and-ml-in-travel-industry/,0 likes
45,Large Hotel Chains Can Move Fast Too: 10 Ideas To Implement Today,"July 18, 2023",https://rategain.com/blog/ideas-for-large-hotel-chains-for-success/,0 likes
46,The Basics of Distribution for Hotel Chains,"July 18, 2023",https://rategain.com/blog/basics-of-distribution-for-hotel-chains/,0 likes
47,Supercharging Hotel Bookings: The Game-Changing Benefits of Metasearch Marketing,"July 18, 2023",https://rategain.com/blog/benefits-of-metasearch-marketing/,0 likes
48,The Tech-Stack Needed by OTAs to Scale Your BI Capabilities,"July 17, 2023",https://rategain.com/blog/tech-stack-needed-by-otas/,0 likes
49,The Future of Rate Parity in the Hospitality Industry,"July 17, 2023",https://rategain.com/blog/future-of-rate-parity-in-the-hospitality-industry/,0 likes
50,How Hotel Pricing is Going to Change in the Age of AI,"July 12, 2023",https://rategain.com/blog/hotel-pricing-ai/,0 likes
51,Leveraging Instagram Threads for the Travel and Hospitality Industry,"July 10, 2023",https://rategain.com/blog/instagram-threads-for-travel-and-hospitality-and-travel-industry/,0 likes
52,Calling All Hoteliers: Unleash the Power of GA4 for Optimal Performance,"July 7, 2023",https://rategain.com/blog/ga4-for-hoteliers/,1 like
53,Green Gold: Sustainable Hotels Shaping Profitable and Responsible Hospitality,"July 3, 2023",https://rategain.com/blog/sustainable-hotels/,1 like
54,Managing Hotel Cancellations: Strategies to Optimize Revenue and Guest Satisfaction,"June 28, 2023",https://rategain.com/blog/managing-hotel-cancellations/,0 likes
55,Big Data: The Game Changer in Hospitality Industry,"June 27, 2023",https://rategain.com/blog/big-data-in-hospitality-industry/,0 likes
56,Unveiling the Hotel Challenges: Navigating Obstacles in the Dynamic Hospitality Landscape,"June 26, 2023",https://rategain.com/blog/hotel-challenges/,0 likes
57,Distribution Challenges for Hotels in Latin America,"June 23, 2023",https://rategain.com/blog/distribution-challenges-for-hotels-in-latin-america/,0 likes
58,Navigating Hotel Distribution Challenges with Technology and Strategy,"June 22, 2023",https://rategain.com/blog/solving-hotel-distribution-challenges-with-technology-and-strategy/,1 like
59,What Does Digital Foundation in Hospitality Look Like,"June 20, 2023",https://rategain.com/blog/digital-foundation-in-hospitality/,0 likes
60,Effective Hotel Pricing Strategies To Maximize Revenue During Low Demand Periods,"June 13, 2023",https://rategain.com/blog/effective-hotel-pricing-strategies-during-low-demand-periods/,0 likes
61,The Power of Allyship: Building Bridges of Support and Inclusion,"June 12, 2023",https://rategain.com/blog/the-power-of-allyship/,0 likes
62,Mastering Success: Hotel Revenue Management Strategies for Optimal Growth,"June 11, 2023",https://rategain.com/blog/effective-hotel-revenue-management-strategies/,1 like
63,Solving the Challenge of Overbooking in Hotels: Strategies for Seamless Guest Experience,"June 10, 2023",https://rategain.com/blog/solving-the-challenge-of-overbooking-in-hotels/,0 likes
64,Navigating the Highs and Lows: Managing Hotel Demand During Special Events,"June 9, 2023",https://rategain.com/blog/managing-hotel-demand-during-special-events/,0 likes
65,The Impact of Weather on Hotel Demand: Leveraging Insights for Success,"June 9, 2023",https://rategain.com/blog/the-impact-of-weather-on-hotel-demand/,0 likes
66,Inside Google Marketing Live 2023: AI-Powered Innovations & What They Mean for the Hotel Industry,"June 8, 2023",https://rategain.com/blog/google-marketing-live-ai-powered-innovations-for-the-hotel-industry/,0 likes
67,Hotel Loyalty Programs: Building Customer Loyalty and Maximizing Rewards,"June 8, 2023",https://rategain.com/blog/hotel-loyalty-programs/,0 likes
68,The Impact of Seasonality on Hotel Revenue: Understanding the Highs and Lows,"June 8, 2023",https://rategain.com/blog/the-impact-of-seasonality-on-hotel-revenue/,0 likes
69,Walking the Tight Rope: High Hotel ADR and Low Distribution Cost,"June 7, 2023",https://rategain.com/blog/walking-the-tight-rope-high-adr-and-low-distribution-cost/,0 likes
70,The Role of Central Reservation Systems in Efficient Hotel Inventory Distribution,"June 7, 2023",https://rategain.com/blog/managing-hotel-inventory-distribution-through-crs/,0 likes
71,The History of Pride Month: Celebrating Love and Equality,"June 5, 2023",https://rategain.com/blog/the-history-of-pride-month/,0 likes
72,A Comprehensive Guide to Cloud Computing for Hotels: Transforming the Hospitality Industry,"June 5, 2023",https://rategain.com/blog/cloud-computing-for-hotels/,0 likes
73,Unlock the Power of a Hotel Central Reservation System,"June 1, 2023",https://rategain.com/blog/hotel-central-reservation-system/,0 likes
74,Data and Analytics Can Help You Distribute Your Hotel Inventory Effectively & Run Hotel Profitably,"May 26, 2023",https://rategain.com/blog/data-analytics-distribute-hotel-inventory-profitably/,0 likes
75,Data-Driven Excellence: Maximizing Performance with Hotel Data Analytics,"May 26, 2023",https://rategain.com/blog/hotel-data-analytics/,0 likes
76,Driving Higher Hotel Occupancy Rates: Implementing Effective Strategies,"May 25, 2023",https://rategain.com/blog/driving-higher-hotel-occupancy-rates/,0 likes
77,The Complete Guide to Hotel Digital Marketing: Boost Your Online Presence and Drive Bookings,"May 24, 2023",https://rategain.com/blog/the-complete-guide-to-hotel-digital-marketing/,0 likes
78,What is a Global Distribution System (GDS)? How does it Benefit Your Hotel?,"May 23, 2023",https://rategain.com/blog/global-distribution-system/,1 like
79,Unleashing the Power of Hotel Technology: The Game Changer in Tech-Savvy Hospitality,"May 23, 2023",https://rategain.com/blog/power-of-hotel-technology/,1 like
80,Unlocking Profitability: An Introduction to Hotel Revenue Management,"May 23, 2023",https://rategain.com/blog/introduction-to-hotel-revenue-management/,0 likes
81,Why Should All Destinations Have a Destination Marketing Organization (DMO)?,"May 22, 2023",https://rategain.com/blog/why-should-destinations-have-a-destination-marketing-organization/,0 likes
82,"Destination Marketing Organization: Its Roles, Importance, and Benefits in the Hospitality Industry","May 22, 2023",https://rategain.com/blog/destination-marketing-guide/,0 likes
83,"Difference Between a Hotel PMS, Channel Manager, OTAs, and Booking Engine","May 22, 2023",https://rategain.com/blog/difference-between-a-hotel-pms-channel-manager-otas-and-booking-engine/,3 likes
84,The Complete Guide to Distribution Channels in the Hotel Industry,"May 21, 2023",https://rategain.com/blog/hotel-distribution-channels-guide/,0 likes
85,Unlocking New Revenue Streams: A Guide to Effective Channel Management for Hospitality Businesses,"May 21, 2023",https://rategain.com/blog/unlocking-new-revenue-streams-a-guide-to-effective-channel-management-for-hospitality-businesses/,0 likes
86,Unveiling the Magic of Metasearch Engines: A Game Changer for Online Businesses,"May 21, 2023",https://rategain.com/blog/unveiling-the-magic-of-metasearch-engines/,0 likes
87,Where does Content Fit in the Evolution of Hotel Distribution?,"May 20, 2023",https://rategain.com/blog/content-management-for-hotel-distribution/,0 likes
88,Boost Your Hotel's Online Presence with a Hotel Content Management System,"May 19, 2023",https://rategain.com/blog/hotel-content-management-system-for-increased-online-presence/,0 likes
89,Streamline Your Hotel Pricing Strategy with Advanced Rate Shopping Software,"May 18, 2023",https://rategain.com/blog/streamlining-hotel-pricing-with-rate-shopping-software/,0 likes
90,Dynamic Pricing Strategy in Hotels for Hospitality Industry,"May 18, 2023",https://rategain.com/blog/what-dynamic-pricing-can-do-to-your-hotel-revenue/,5 likes
91,Hotel Pricing Strategy: Maximizing Revenue Through Effective Pricing Techniques,"May 18, 2023",https://rategain.com/blog/hotel-pricing-strategy-to-maximize-revenue/,0 likes
92,How To Use Google Hotel Ads: A Complete Guide,"May 18, 2023",https://rategain.com/blog/google-hotel-ads-guide/,0 likes
93,Boost Your Hotel Revenue with Efficient Hotel Inventory Management,"May 16, 2023",https://rategain.com/blog/boost-hotel-revenue-inventory-availability-management/,0 likes
94,Cracking the Code: How to Benefit from Hotel Wholesalers,"May 16, 2023",https://rategain.com/blog/how-to-benefit-from-hotel-wholesalers/,0 likes
95,8 Easy Tips for Hotel Revenue Managers to Cope With Rate Parity Issues,"May 15, 2023",https://rategain.com/blog/tips-hotel-manage-rate-parity-issue/,1 like
96,What is Hotel Rate Parity? Why is it Important in the Hotel Industry?,"May 15, 2023",https://rategain.com/blog/what-is-hotel-rate-parity/,0 likes
97,18 Factors to Consider before Investing in Channel Manager for Your Hotel,"May 14, 2023",https://rategain.com/blog/18-factors-to-consider-before-investing-in-channel-manager-for-your-hotel/,0 likes
98,Crucial Hotel Sales Strategies to Boost Occupancy and Revenue,"May 14, 2023",https://rategain.com/blog/hotel-sales-strategies/,0 likes
99,What is a Hotel Channel Manager? How Do You Choose the Perfect One?,"May 14, 2023",https://rategain.com/blog/what-is-a-hotel-channel-manager/,0 likes
100,How Can Content Solve The Expectation Gap for Hotels?,"May 13, 2023",https://rategain.com/blog/how-content-can-solve-the-expectation-gap-for-hotels/,0 likes
101,Changing Markets Post-Pandemic: Guest Behaviors Changing Booking Inspiration,"May 11, 2023",https://rategain.com/blog/guest-behaviors-changing-booking-inspiration/,0 likes
102,What is Hotel Occupancy Rate? How to Calculate it?,"May 6, 2023",https://rategain.com/blog/hotel-occupancy-rate/,2 likes
103,Is RevPAR the Best Metric to Measure Profitability?,"May 5, 2023",https://rategain.com/blog/is-revpar-the-best-metric-to-measure-profitability/,0 likes
104,Why Should Hotels Update Content On OTAs Frequently?,"May 5, 2023",https://rategain.com/blog/why-are-frequent-content-updates-important/,2 likes
105,Why Metasearch is critical for your Direct Bookings Strategy,"May 4, 2023",https://rategain.com/blog/why-metasearch-is-critical-for-your-direct-bookings-strategy/,0 likes
106,Why Content on OTAs is Critical for Improving Conversion Rates,"May 3, 2023",https://rategain.com/blog/why-content-on-otas-is-critical-for-improving-conversion-rates/,0 likes
107,How do Hotels Distribute Inventory to Drive Bookings,"May 3, 2023",https://rategain.com/blog/how-hotels-distribute-inventory-to-drive-bookings/,0 likes
108,What is RevPAR ? Why does it Matter?,"May 1, 2023",https://rategain.com/blog/what-is-revpar-why-does-it-matter/,0 likes
109,A Complete Guide to Hotel Marketing Strategy for 2023,"April 30, 2023",https://rategain.com/blog/hotel-marketing-strategy-for-2023/,0 likes
110,Latin America’s Hospitality Industry is Ready to Take the AI Leap into the Future,"April 27, 2023",https://rategain.com/blog/future-of-hospitality-in-latin-america/,0 likes
111,Sustainability: The Conversation We Need To Have With ChatGPT Today,"April 27, 2023",https://rategain.com/blog/sustainable-travel/,0 likes
112,Here's Why You Should Care About Hotel Content Management & Distribution,"April 22, 2023",https://rategain.com/blog/heres-why-you-should-care-about-hotel-content-management-distribution/,4 likes
113,Why Ease of Use is the Core of any Booking Engine?,"April 15, 2023",https://rategain.com/blog/why-ease-of-use-is-the-core-of-any-booking-engine/,4 likes
114,Why is Security Critical for a Booking Engine?,"April 14, 2023",https://rategain.com/blog/why-is-security-critical-for-a-booking-engine/,4 likes
115,Thank You Booking.com For Showing Us The Future,"April 13, 2023",https://rategain.com/blog/thank-you-booking-com-for-showing-us-the-future/,0 likes
116,How to Evaluate a Booking Engine?,"April 13, 2023",https://rategain.com/blog/how-to-evaluate-a-booking-engine/,3 likes
117,All You Need to Know About a Hotel Booking Engine,"April 12, 2023",https://rategain.com/blog/hotel-booking-engine/,0 likes
118,Revolutionizing Guest Experiences and Revenue Management with AI,"April 6, 2023",https://rategain.com/blog/revolutionizing-guest-experiences-and-revenue-management-with-ai/,5 likes
119,What is Direct Booking?,"April 5, 2023",https://rategain.com/blog/what-is-a-direct-booking/,5 likes
120,The Relevance of Content for Hotels,"April 1, 2023",https://rategain.com/blog/relevance-of-hotel-content/,0 likes
121,Leading the Way: Top 8 Hospitality Technology Trends to Watch in 2023,"March 21, 2023",https://rategain.com/blog/leading-the-way-top-8-hospitality-technology-trends-to-watch-in-2023/,3 likes
122,A Complete Guide to Hotel Connectivity & Distribution,"March 21, 2023",https://rategain.com/blog/what-is-hotel-connectivity-distribution-complete-guide/,0 likes
123,Revolutionizing the Hospitality Industry: The Role of Advanced Channel Managers in Driving Hotel Business Growth,"March 16, 2023",https://rategain.com/blog/revolutionizing-the-hospitality-industry-the-role-of-advanced-channel-managers-in-driving-hotel-business-growth/,0 likes
124,What are Hotel Industry Statistics?,"March 6, 2023",https://rategain.com/blog/what-are-hotel-industry-statistics/,0 likes
125,The Data Goldmine: The 3 Step Process to Unlocking the Power of Guest Data,"February 15, 2023",https://rategain.com/blog/the-data-goldmine-the-3-step-process-to-unlocking-the-power-of-guest-data/,0 likes
126,How To Use Guest Messaging To Improve Revenue,"January 31, 2023",https://rategain.com/blog/how-to-use-guest-messaging-to-improve-revenue/,0 likes
127,Spin Around the Challenges of an Economic Downturn with AI-Enabled Solutions,"January 30, 2023",https://rategain.com/blog/spin-around-the-challenges-of-an-economic-downturn-with-ai-enabled-solutions/,0 likes
128,What is a Hotel Property Management System (PMS)?,"January 23, 2023",https://rategain.com/blog/hotel-property-management-system/,0 likes
129,Unlocking A New Level Of Luxury For Dubai: The Rising Need For Technology,"January 20, 2023",https://rategain.com/blog/unlocking-a-new-level-of-luxury-for-dubai/,0 likes
130,Troubleshooting Guest Engagement: Is the Answer in the Palm of your Hands? ,"January 6, 2023",https://rategain.com/blog/troubleshooting-guest-engagement/,1 like
131,No Shortage of Guest Engagement Despite Labour Shortage in the UK: Why Technology is the Answer,"December 23, 2022",https://rategain.com/blog/solving-labor-shortage-with-technology-for-guest-engagement/,1 like
132,Journey to better guest satisfaction: Why digitisation is the shortcut you need,"December 16, 2022",https://rategain.com/blog/journey-to-better-guest-satisfaction-why-digitisation-is-the-shortcut-you-need/,0 likes
133,7 Tips for A Booking-friendly Hotel Website,"December 12, 2022",https://rategain.com/blog/tips-for-a-booking-friendly-hotel-website/,1 like
134,The Problem In Paradise: What The Hotels Of Maldives Need To Know,"December 6, 2022",https://rategain.com/blog/what-the-hotels-of-maldives-need-to-know/,1 like
135,The Good Side Of AI: Read Between The Lines To Understand Your Guests’ Feelings,"November 11, 2022",https://rategain.com/blog/ai-to-understand-guest-feelings/,1 like
136,Preparing for the Future of Air Travel Demand,"November 4, 2022",https://rategain.com/blog/preparing-for-the-future-of-air-travel-demand/,0 likes
137,Digital Hospitality: No Longer An Oxymoron,"November 3, 2022",https://rategain.com/blog/digital-hospitality-no-longer-an-oxymoron/,0 likes
138,Peak Experience For The Peak Season,"October 27, 2022",https://rategain.com/blog/peak-experience-for-the-peak-season/,0 likes
139,Forward-looking Insights on Travel Demand: Top Trending Cities in Asia (Oct – Dec 2022),"October 24, 2022",https://rategain.com/blog/travel-demand-data-report-asia-oct-2022/,0 likes
140,Guest Dissatisfaction: De-mystified,"October 19, 2022",https://rategain.com/blog/guest-dissatisfaction-de-mystified/,0 likes
141,Beyond Just Emojis: Leveraging WhatsApp To Improve Guest Experience,"October 11, 2022",https://rategain.com/blog/beyond-just-emojis-leveraging-whatsapp-to-improve-guest-experience/,0 likes
142,Experiences Above All:  The Long and Short of Guest Experiences,"October 6, 2022",https://rategain.com/blog/experiences-above-all-the-long-and-short-of-guest-experiences/,0 likes
143,Humans Of RateGain: Q&A With Mark Haywood,"October 4, 2022",https://rategain.com/blog/humans-of-rategain-mark-haywood/,0 likes
144,India’s Festive Season Travel Outlook,"October 3, 2022",https://rategain.com/blog/indias-festive-season-travel-outlook/,0 likes
145,Productivity For The Front Desk: What Has Changed,"September 27, 2022",https://rategain.com/blog/productivity-for-the-front-desk-what-has-changed/,0 likes
146,How Can Scoring Content Help Hotels Drive More Bookings,"September 20, 2022",https://rategain.com/blog/how-can-scoring-content-help-hotels-drive-more-bookings/,0 likes
147,New Data Sources To Help Commercial Teams Make Better Decisions,"September 20, 2022",https://rategain.com/blog/new-data-sources-to-help-commercial-teams-make-better-decisions/,0 likes
148,Hotel Online Bookings Can Be More Profitable,"September 20, 2022",https://rategain.com/blog/hotel-online-bookings-can-be-more-profitable/,0 likes
149,Bridging Silos in Commercial Teams Post Pandemic,"August 25, 2022",https://rategain.com/blog/bridging-silos-in-commercial-teams-post-pandemic/,4 likes
150,Data Transparency: The New Way to Collaborate in Commercial Teams,"August 25, 2022",https://rategain.com/blog/data-transparency-the-new-way-to-collaborate-in-commercial-teams/,4 likes
151,Are Middle East Hoteliers Ready for the Next Big Shift?,"July 18, 2022",https://rategain.com/blog/are-middle-east-hoteliers-ready-for-the-next-big-shift/,1 like
152,Artificial Intelligence in the Hospitality Industry : The Future,"July 13, 2022",https://rategain.com/blog/artificial-intelligence-future-of-hospitality-industry/,2 likes
153,What is Engage-AI? What are the benefits of using Engage-AI?,"July 7, 2022",https://rategain.com/blog/all-about-engage-ai/,2 likes
154,Enjoy Greater Conversions by Offering Mobile Rates to your Prospective Customers,"June 30, 2022",https://rategain.com/blog/enjoy-greater-conversions-by-offering-mobile-rates-to-your-prospective-customers/,1 like
155,Improving Business by Offering Country Rates to Prospective Customers,"June 21, 2022",https://rategain.com/blog/improving-business-by-offering-country-rates-to-prospective-customers/,1 like
156,The Role of Metasearch in Pandemic Recovery,"May 31, 2022",https://rategain.com/blog/the-role-of-metasearch-in-pandemic-recovery/,0 likes
157,Why Forward-looking Demand Intelligence is all the More Important for a Destination and it's DMO Today?,"March 31, 2022",https://rategain.com/blog/dmo-destination-marketing-intelligence-strategy/,0 likes
158,How to Become a Genius and Drive-up Hotel Visibility and Occupancy Rates!,"March 10, 2022",https://rategain.com/blog/how-to-become-a-genius-and-drive-up-hotel-visibility-and-occupancy-rates/,0 likes
159,Airline Traveler Forecast: Can it help in anticipating demand better?,"March 9, 2022",https://rategain.com/blog/airline-traveller-demand-forecast/,0 likes
160,How can User Experience Help Revenue Managers? Ask AirGain,"January 13, 2022",https://rategain.com/blog/how-can-user-experience-help-revenue-managers/,0 likes
161,The Travel Manifesto for 2022,"December 24, 2021",https://rategain.com/blog/the-travel-manifesto-for-2022/,6 likes
162,Marketing Technology in a Data-Driven Era,"October 22, 2021",https://rategain.com/blog/marketing-technology-in-a-data-driven-era/,5 likes
163,Usability and Accessibility – How they are making AirGain smarter for you!,"October 5, 2021",https://rategain.com/blog/usability-and-accessibility-how-they-are-making-airgain-smarter-for-you/,7 likes
164,Building a Culture of Empowerment,"October 4, 2021",https://rategain.com/blog/building-a-culture-of-empowerment/,5 likes
165,Is The Future Of Forecasting Clear For Revenue Managers?,"September 29, 2021",https://rategain.com/blog/is-the-future-of-forecasting-clear-for-revenue-managers/,7 likes
166,Upcoming Launch: The New Room – Rate Management API will Help Distribution Teams Directly and Quickly Create/Retrieve a Multitude of Room Rate Types from RezGain,"September 28, 2021",https://rategain.com/blog/directly-manage-rooms-and-rates-from-rategains-channel-manager-ui-to-booking-com/,3 likes
167,How Revenue Managers Can Be Future Ready For The Next Crisis,"September 23, 2021",https://rategain.com/blog/how-revenue-managers-can-be-future-ready-for-the-next-crisis/,6 likes
168,How Can New Airlines Thrive the Post- Covid World,"September 3, 2021",https://rategain.com/blog/how-can-new-airlines-thrive-the-post-covid-world/,1 like
169,Making Your Hotel Channel Manager Adapt to Your Day,"September 1, 2021",https://rategain.com/blog/making-your-hotel-channel-manager-adapt-to-your-day/,1 like
170,CarGain Canvas: Analytics that give you 360 degree control over your market,"September 1, 2021",https://rategain.com/blog/cargain-canvas-analytics-that-give-you-360-degree-control-over-your-market/,0 likes
171,What Signals is the Summer of 2021 Giving Car Rentals?,"July 8, 2021",https://rategain.com/blog/what-signals-is-the-summer-of-2021-giving-car-rentals/,0 likes
172,WHAT ARE YOUR PRONOUNS?,"June 25, 2021",https://rategain.com/blog/what-are-your-pronouns/,5 likes
173,Bringing More Speed and Agility to Airline Pricing for the Post-COVID Revenue Manager,"June 15, 2021",https://rategain.com/blog/bringing-more-speed-and-agility-to-airline-pricing-for-the-post-covid-revenue-manager/,1 like
174,The Current State of Airline Pricing post-Covid,"May 3, 2021",https://rategain.com/blog/the-current-state-of-airline-pricing-post-covid/,1 like
175,How can hoteliers get 2021 right with a solid pricing strategy as volatility in recovery persists,"May 3, 2021",https://rategain.com/blog/how-can-hoteliers-get-2021-right-with-a-solid-pricing-strategy-as-volatility-in-recovery-persists/,1 like
176,Why We Must Tell a Visual Data Story,"April 30, 2021",https://rategain.com/blog/why-we-must-tell-a-visual-data-story/,1 like
177,Airlines Revenue Management Checklist for 2021,"April 29, 2021",https://rategain.com/blog/airlines-revenue-management-checklist-for-2021/,1 like
178,"Cap on Wedding Guests Might Pinch, But It's a Necessary Evil","December 25, 2020",https://rategain.com/blog/cap-on-wedding-guests-might-pinch-but-its-a-necessary-evil/,0 likes
179,"We have been Profitable Since Inception: Yogeesh Chandra- Global Head of Corporate Development, RateGain","December 22, 2020",https://rategain.com/blog/we-have-been-profitable-since-inception-yogeesh-chandra-global-head-of-corporate-development-rategain/,0 likes
180,Some Employees are Getting a New Job…At Their Old Job,"December 21, 2020",https://rategain.com/blog/some-employees-are-getting-a-new-jobat-their-old-job/,0 likes
181,Visioning The Post-COVID Era In Revenue Management,"December 21, 2020",https://rategain.com/blog/visioning-the-post-covid-era-in-revenue-management/,0 likes
182,50% Rise in Bookings Not Enough for India to Catch Up With Global Recovery,"December 21, 2020",https://rategain.com/blog/50-rise-in-bookings-not-enough-for-india-to-catch-up-with-global-recovery/,0 likes
183,Tech Skills That can Rebuild the Travel Industry,"December 20, 2020",https://rategain.com/blog/tech-skills-that-can-rebuild-the-travel-industry/,0 likes
184,After China can 'Revenge Travel' Happen in India?,"December 18, 2020",https://rategain.com/blog/after-china-can-revenge-travel-happen-in-india/,0 likes
185,Travel & Hospitality Sector Will Take 12-15 Months To Cross Pre-covid Level Hiring Figures: Industry Leaders,"December 16, 2020",https://rategain.com/blog/travel-hospitality-sector-will-take-12-15-months-to-cross-pre-covid-level-hiring-figures-industry-leaders/,0 likes
186,What Hotels Need to Know About the Staycation Boom,"December 16, 2020",https://rategain.com/blog/what-hotels-need-to-know-about-the-staycation-boom/,0 likes
187,Here’s How Hoteliers Can Attract New Travelers in the Post-COVID Era,"December 16, 2020",https://rategain.com/blog/heres-how-hoteliers-can-attract-new-travelers-in-the-post-covid-era/,0 likes
188,How Airline Revenue Management and Pricing Teams Respond to Revenue Volatility?,"December 15, 2020",https://rategain.com/blog/how-airline-revenue-management-and-pricing-teams-respond-to-revenue-volatility/,0 likes
189,Revenue Volatility in Airlines is Here to Stay: What can Revenue & Pricing Teams do About it?,"December 15, 2020",https://rategain.com/blog/revenue-volatility-in-airlines-is-here-to-stay-what-can-revenue-pricing-teams-do-about-it/,0 likes
190,These New Car Rental Subscription Programs Will Get You There,"December 15, 2020",https://rategain.com/blog/these-new-car-rental-subscription-programs-will-get-you-there/,0 likes
191,"Pardon me, your politics are showing","December 12, 2020",https://rategain.com/blog/pardon-me-your-politics-are-showing/,0 likes
192,"New Deal Europe Weekly Update on Tourism to the Balkan Region, Week 24","December 12, 2020",https://rategain.com/blog/new-deal-europe-weekly-update-on-tourism-to-the-balkan-region-week-24/,0 likes
193,See the Green Shoots of Recovery with Smart Distribution’s latest addition “Future Demand”,"October 21, 2020",https://rategain.com/blog/see-the-green-shoots-of-recovery-with-smart-distributions-latest-addition-future-demand/,1 like
194,Seven Tactics to Keep your Hotel's Distribution Healthy and Highly Profitable,"October 7, 2020",https://rategain.com/blog/seven-tactics-to-keep-your-hotels-distribution-healthy-and-highly-profitable/,3 likes
195,Bespoke Strategies for Opening the Doors to the European Market,"August 25, 2020",https://rategain.com/blog/bespoke-strategies-for-opening-the-doors-to-the-european-market/,3 likes
196,A New Era of Exploration is Coming to Hoteliers. Stay Tuned!,"August 20, 2020",https://rategain.com/blog/a-new-era-of-exploration-is-coming-to-hoteliers-stay-tuned/,1 like
197,Perspectives with Saurabh Prakash: How Hotels Can Get Digital Right for Recovery,"August 14, 2020",https://rategain.com/blog/perspectives-with-saurabh-prakash-how-hotels-can-get-digital-right-for-recovery/,1 like
198,Perspectives with Debojo: How Survival Became A Success Metric at SpiceJet,"July 22, 2020",https://rategain.com/blog/perspectives-with-debojo-how-survival-became-a-success-metric-at-spicejet/,1 like
199,Strategies for Hoteliers to Get Back to Business for UK Market,"July 20, 2020",https://rategain.com/blog/strategies-for-hoteliers-to-get-back-to-business-for-uk-market/,1 like
200,Strategies for Hoteliers to Get Back to Business for Europe Market,"July 20, 2020",https://rategain.com/blog/strategies-for-hoteliers-to-get-back-to-business-for-europe-market/,4 likes
201,"Perspectives #8 with Ajay Bakaya, Managing Director, Sarovar Hotels and Resorts","July 14, 2020",https://rategain.com/blog/perspectives-8-with-ajay-bakaya-managing-director-sarovar-hotels-and-resorts/,0 likes
202,Re-Taking The Skies : What Can Commercial Teams Do To Gear Up For A Full Return Of Airline Travel In The New Normal,"June 30, 2020",https://rategain.com/blog/re-taking-the-skies-what-can-commercial-teams-do-to-gear-up-for-a-full-return-of-airline-travel-in-the-new-normal/,0 likes
203,React to Competitive Prices in Real Time with RateGain’s OPTIMA MarketDrone,"June 15, 2020",https://rategain.com/blog/react-to-competitive-prices-in-real-time-with-rategains-optima-marketdrone/,0 likes
204,Watch Your Language! Content in the New Hospitality Landscape,"June 2, 2020",https://rategain.com/blog/watch-your-language-content-in-the-new-hospitality-landscape/,0 likes
205,Keeping Lights on During the Current COVID Crisis!,"May 5, 2020",https://rategain.com/blog/keeping-lights-on-during-the-current-covid-crisis/,1 like
206,"Hoteliers, Spot New Markets to Create New Revenues in a Post-COVID 19 World","April 23, 2020",https://rategain.com/blog/hoteliers-spot-new-markets-to-create-new-revenues-in-a-post-covid-19-world/,7 likes
207,Social Media During COVID-19: Tourism Brands That Got It Right,"April 21, 2020",https://rategain.com/blog/social-media-during-covid-19-tourism-brands-that-got-it-right/,2 likes
208,We Are Bracing Ourselves: Are You?,"March 20, 2020",https://rategain.com/blog/have-we-braced-ourselves/,6 likes
209,How to Capture Rate Integrity Issues in the Most Simplified Way,"March 11, 2020",https://rategain.com/blog/how-to-capture-rate-integrity-issues-in-the-most-simplified-way/,4 likes
210,Top 3 Rate Disparity Cases Acceptable to a Revenue Manager,"March 4, 2020",https://rategain.com/blog/top-3-rate-disparity-cases-acceptable-to-a-revenue-manager/,7 likes
211,Rate Integrity: A Brand New Way of Increasing Direct Bookings,"February 27, 2020",https://rategain.com/blog/rate-integrity-a-brand-new-way-of-increasing-direct-bookings/,3 likes
212,Why Choose Rate Intelligence Over Rate Shopping?,"February 19, 2020",https://rategain.com/blog/why-choose-rate-intelligence-over-rate-shopping/,5 likes
213,Why a Rate Intelligence Experience Should Have the Best Art & Science Behind it,"February 5, 2020",https://rategain.com/blog/why-a-rate-intelligence-experience-should-have-the-best-art-science-behind-it/,6 likes
214,Our Point of View on the Modern Age Distribution Ecosystem,"January 31, 2020",https://rategain.com/blog/our-point-of-view-on-the-modern-age-distribution-ecosystem/,1 like
215,Are You Leading A Future-Ready HR?,"January 29, 2020",https://rategain.com/blog/are-you-leading-a-future-ready-hr/,3 likes
216,5 Ways to Ace Hospitality Marketing in 2020,"January 20, 2020",https://rategain.com/blog/5-ways-to-ace-hospitality-marketing-in-2020/,1 like
217,Why UX is Instrumental for Revenue Management,"January 14, 2020",https://rategain.com/blog/why-ux-is-instrumental-for-revenue-management/,12 likes
218,Visualizing Data Like a Pro: The Key to Unlock the Data Gold Mine,"December 17, 2019",https://rategain.com/blog/visualizing-data-like-a-pro-the-key-to-unlock-the-data-gold-mine/,9 likes
219,Smart Shopping for Data: Driving Analytics Excellence in the Airlines Industry,"December 4, 2019",https://rategain.com/blog/smart-shopping-for-data-driving-analytics-excellence-in-the-airlines-industry/,2 likes
220,"Mr. Hotelier, Four Signs It is Time to Change your Distribution Partner","November 29, 2019",https://rategain.com/blog/mr-hotelier-four-signs-it-is-time-to-change-your-distribution-partner/,1 like
221,Adopting SCRUM in the Organization’s People Processes,"November 22, 2019",https://rategain.com/blog/adopting-scrum-organization-people-processes/,0 likes
222,How to Deliver Value In The Era Of Hospitality Industry Consolidation?,"November 19, 2019",https://rategain.com/blog/how-to-deliver-value-in-the-era-of-hospitality-industry-consolidation/,0 likes
223,What will define Long Term Success for Airlines,"November 11, 2019",https://rategain.com/blog/what-will-define-long-term-success-for-airlines/,5 likes
224,Challenges for Airline Revenue Managers Beyond 2020,"October 23, 2019",https://rategain.com/blog/challenges-for-airline-revenue-managers-beyond-2020/,5 likes
225,Navigating Constant Consolidation,"October 21, 2019",https://rategain.com/blog/navigating-constant-consolidation/,5 likes
226,Our point of view on Distribution Journey,"October 17, 2019",https://rategain.com/blog/our-point-of-view-on-distribution-journey/,5 likes
227,Putting User Experience at the center of a new problem,"October 15, 2019",https://rategain.com/blog/putting-user-experience-at-the-center-of-a-new-problem/,7 likes
228,The Last Distribution Challenge,"October 15, 2019",https://rategain.com/blog/re-configuring-the-distribution-models-for-the-next-gen-distribution-ecosystem/,0 likes
229,Can Car Rental analytics help make better investment decisions?,"October 4, 2019",https://rategain.com/blog/can-car-rental-analytics-help-make-better-investment-decisions/,5 likes
230,Top 3 considerations for blueprinting your content transformation,"September 21, 2019",https://rategain.com/blog/top-three-considerations-for-blueprinting-your-content-transformation/,5 likes
231,The Path to A Shared Future: Can car rentals help in turning around the industry slowdown ?,"September 11, 2019",https://rategain.com/blog/how-to-turn-around-car-industry-slowdown/,5 likes
232,Delivering Duty of Care in the Age of Corporate Rogue Travel,"August 21, 2019",https://rategain.com/blog/delivering-duty-of-care-in-the-age-of-corporate-rogue-travel/,4 likes
233,Who is winning the experience game in travel and hospitality?,"July 22, 2019",https://rategain.com/blog/who-is-winning-the-experience-game-in-travel-and-hospitality/,1 like
234,Airlines: Soaring on Ancillary Revenue,"July 18, 2019",https://rategain.com/blog/airlines-soaring-on-ancillary-revenue/,1 like
235,Transaction Tracking and Analytics: Steering Car Rental,"June 24, 2019",https://rategain.com/blog/transaction-tracking-and-analytics-steering-car-rental/,0 likes
236,Enhancing Car Rental Revenue Management with AI-driven Dynamic Pricing,"June 24, 2019",https://rategain.com/blog/enhancing-car-rental-revenue-management-with-ai-driven-dynamic-pricing/,0 likes
237,Busting a billion-dollar digital myth for cruise lines!,"February 8, 2019",https://rategain.com/blog/busting-billion-dollar-digital-myth-cruise-lines/,1 like
238,The future of distribution strategy at your doorstep,"September 24, 2018",https://rategain.com/blog/future-distribution-strategy-doorstep/,0 likes
239,"‘A Thousand Words’: Why Great Visuals Speak Directly, Fluently and Effortlessly","August 27, 2018",https://rategain.com/blog/importance-picture-reviews-hotel-reputation/,0 likes
240,New Age Data is Driving Growth for Travel Package Providers,"August 24, 2018",https://rategain.com/blog/new-age-big-data-growth-package-providers/,0 likes
241,Tackling content issues head-on,"July 16, 2018",https://rategain.com/blog/tackling-content-issues-head-on/,0 likes
242,7 Top Trends In Hotel Distribution Today,"July 13, 2018",https://rategain.com/blog/7-trends-hotel-distribution/,0 likes
243,HRS Selects RateGain as its Channel Management Partner for their newest connectivity platform,"May 4, 2018",https://rategain.com/blog/channel-management-channel-management-hrs-selects-rategain-channel-management-partner-new-platform/,0 likes
244,Code Itineraries: A road map for the travel industry to unlock one trillion dollars in value by 2025,"April 11, 2018",https://rategain.com/blog/code-itineraries-road-map-travel-industry/,0 likes
245,5 Ways to Improve Your Hotel's Visibility within Search Engines,"April 9, 2018",https://rategain.com/blog/5-ways-improve-hotels-visibility-search-engines/,0 likes
246,Hitting a home run in automation tools,"April 3, 2018",https://rategain.com/blog/hitting-a-home-run-in-automation-tools/,0 likes
247,Tapping the world’s no. 1 outbound travel market,"January 22, 2018",https://rategain.com/blog/tapping-the-worlds-no-1-outbound-travel-market/,0 likes
248,It's 100% pure adrenaline! Introducing Distribution Strategy Studio,"January 11, 2018",https://rategain.com/blog/pure-adrenaline-distribution-strategy-studio/,0 likes
249,Your Hotel Reputation Matters to Your Revenue,"December 11, 2017",https://rategain.com/blog/hotel-reputation-matters-revenue/,0 likes
250,"Hoteliers, Take a Re-look at Parity and Prevent Revenue Leakages","November 23, 2017",https://rategain.com/blog/hotel-parity-prevent-revenue-leakages/,0 likes
251,Assessing the boom in travel startups,"November 21, 2017",https://rategain.com/blog/assessing-the-boom-in-travel-startups/,0 likes
252,Building the Perfect Revenue Strategy Is Not Enough; Advanced Hotel Revenue Management Tool is a Must!,"November 13, 2017",https://rategain.com/blog/advanced-hotel-revenue-management-tool/,0 likes
253,Travel Industry is Already Using Geo-based Competitive Price Tracking; Act Now Before Its Too Late,"November 3, 2017",https://rategain.com/blog/geo-based-competitive-price-tracking-rate-intelligence-tool/,0 likes
254,We Bet You Will Not Want to Miss The Benefits of a Comprehensive Hotel Price Intelligence Solution!,"October 25, 2017",https://rategain.com/blog/benefits-hotel-price-intelligence-solution/,0 likes
255,Sharing economy blurring the lines in hospitality,"October 23, 2017",https://rategain.com/blog/sharing-economy-blurring-the-lines-in-hospitality/,0 likes
256,Tracking Mobile App Rates of Your Competition is a MUST for Your Price Strategy!,"October 11, 2017",https://rategain.com/blog/track-competitor-mobile-app-rates-hotel/,0 likes
257,Will Artificial Intelligence Replace Human Intelligence in Revenue Management and Pricing Analysis?,"September 29, 2017",https://rategain.com/blog/artificial-intelligence-replace-human-intelligence-revenue-management-pricing-analyst/,0 likes
258,It’s time to reexamine the data structure behind hotel distribution,"September 25, 2017",https://rategain.com/blog/its-time-to-reexamine-the-data-structure-behind-hotel-distribution/,0 likes
259,7 Fundamental Hotel Marketing Strategies To Stand Out From Your Competition,"September 21, 2017",https://rategain.com/blog/fundamental-hotel-marketing-strategies-stand-out/,1 like
260,Design an Effective Hotel Guest Loyalty Program to Increase Hotel Bookings and Revenue,"September 18, 2017",https://rategain.com/blog/effective-hotel-guest-loyalty-program-increase-revenue/,0 likes
261,Yield Management in Hospitality - Important for Efficient Revenue Management Strategy,"September 14, 2017",https://rategain.com/blog/yield-management-hospitality-revenue-strategy/,0 likes
262,What Makes Your Guests The Promoters of Your Brand?,"September 7, 2017",https://rategain.com/blog/make-guests-promoters-hotel-brand/,0 likes
263,Tapping the potential of IoT,"August 29, 2017",https://rategain.com/blog/tapping-the-potential-of-iot/,0 likes
264,The Role and Future of Technology in Travel Industry,"August 28, 2017",https://rategain.com/blog/role-future-technology-travel-industry/,0 likes
265,New Consumer Review Dashboard For Hotels,"August 21, 2017",https://rategain.com/blog/brandgain-new-consumer-review-dashboard/,0 likes
266,Measuring Demand in Your City will Skyrocket your Revenue - Here is How!,"August 21, 2017",https://rategain.com/blog/measuring-hotel-demand-city-skyrocket-revenue/,0 likes
267,7 Best Methods to Gather Quality Guest Feedback,"August 16, 2017",https://rategain.com/blog/methods-gather-hotel-guest-feedback/,0 likes
268,"The Brilliant Hotelier: Face To Face With Panayiotis Kyprianou From Thanos Resorts & Spas, Cyprus","August 14, 2017",https://rategain.com/blog/brilliant-hotelier-thanos-resorts-spas-cyprus/,0 likes
269,Monitoring Hundreds of Booking Sites - No Longer a Challenging Task for Hoteliers,"August 10, 2017",https://rategain.com/blog/monitoring-multiple-booking-sites-hotel-pricing-strategy/,0 likes
270,"Hotels, Utilize Closed User Group (CUG) Customers to Increase Revenue Through Direct Bookings","August 8, 2017",https://rategain.com/blog/utilize-closed-user-group-customers-increase-revenue-direct-bookings/,0 likes
271,Create a Revenue Centric Culture in your Hotel by Integrating Technology,"August 2, 2017",https://rategain.com/blog/revenue-centric-culture-integrated-hotel-technology/,0 likes
272,"Despite the best efforts of hotel brands, travelers still love to click around","August 1, 2017",https://rategain.com/blog/despite-the-best-efforts-of-hotel-brands-travelers-still-love-to-click-around/,0 likes
273,"Hoteliers, Are You Using Mobile to Support Your Online Reputation Management?","July 31, 2017",https://rategain.com/blog/mobile-support-hotel-online-reputation-management-strategy/,0 likes
274,7 Practical tips to improve online reviews of your hotel,"July 25, 2017",https://rategain.com/blog/tips-improve-online-reviews-hotel/,0 likes
275,14 Features to Consider Before Your Hotel Decides to Devote In a Channel Manager,"July 24, 2017",https://rategain.com/blog/features-consider-choosing-hotel-channel-manager/,0 likes
276,Managing Hotel Guest Sentiment and Online Presence to Create Revenue Centric Culture,"July 19, 2017",https://rategain.com/blog/managing-hotel-guest-sentiment-online-presence-revenue-centric-culture/,0 likes
277,"Hoteliers, You Need a Channel Manager with an Edge to Stand out from Competition","July 18, 2017",https://rategain.com/blog/right-hotel-channel-manager-stand-out-competitive-edge/,0 likes
278,Blockchain and its potential to upend the travel industry,"July 17, 2017",https://rategain.com/blog/blockchain-and-its-potential-to-upend-the-travel-industry/,0 likes
279,"Hoteliers, Learn How to Create A Revenue Centric Culture in Your Hotel","July 10, 2017",https://rategain.com/blog/create-hotel-revenue-centric-culture/,0 likes
280,"Hoteliers, Learn About The Growing Importance of Hotel Online Reputation Management","July 4, 2017",https://rategain.com/blog/growing-importance-hotel-online-reputation-management/,0 likes
281,How to Make Restaurant’s Online Reputation a Secret Sauce in Enhancing your Hotel Brand?,"June 28, 2017",https://rategain.com/blog/restaurant-online-reputation-enhance-hotel-brand/,0 likes
282,Engaging Travelers Through Social Media Can Reap Umpteen Benefits for Hotels,"June 19, 2017",https://rategain.com/blog/engaging-travelers-social-media-hotels-reap-benefits/,0 likes
283,Approach For A Balanced Hotel Distribution Strategy - Learn Why Hotels Should Adopt It,"June 14, 2017",https://rategain.com/blog/adopt-balanced-hotel-distribution-strategy/,0 likes
284,9 Tips to Build a Hotel’s Facebook Strategy & Improve Guest Experience,"June 6, 2017",https://rategain.com/blog/improve-guest-experience-build-hotel-facebook-strategy-social-media/,0 likes
285,Top Trends: Millennial Travelers & the Hospitality Sector,"May 30, 2017",https://rategain.com/blog/millennial-travelers-trends-hospitality-sector/,0 likes
286,Evolving Role Of Hotel Revenue Manager - Part 4,"May 26, 2017",https://rategain.com/blog/evolving-hotel-revenue-manager-use-big-data/,0 likes
287,The Evolving Role of Revenue Managers - Part 3,"May 24, 2017",https://rategain.com/blog/evolving-role-revenue-managers-hotel-comp-set/,0 likes
288,Good translation key to staying in global marketplace,"May 24, 2017",https://rategain.com/blog/good-translation-key-to-staying-in-global-marketplace/,0 likes
289,The Evolving Role Of Hotel Revenue Managers – Part 2,"May 17, 2017",https://rategain.com/blog/evolving-role-hotel-revenue-managers-part2/,0 likes
290,How Your Hotel distribution & Online Reputation Strategy is key to RevPAR Management,"May 15, 2017",https://rategain.com/blog/revpar-management-hotel-distribution-reputation-strategy/,0 likes
291,The Evolving Role of Hotel Revenue Managers - Part 1,"May 10, 2017",https://rategain.com/blog/evolving-role-hotel-revenue-managers-part1/,0 likes
292,5 Effective Ways Hotels Could Conduct Guest Surveys and Loyalty Programs,"May 2, 2017",https://rategain.com/blog/effective-hotels-guest-surveys-loyalty-programs/,0 likes
293,"Hoteliers, Are Vacation Rentals Eating Your Lunch?","April 26, 2017",https://rategain.com/blog/vacation-rentals-eating-hotel-revenue/,0 likes
294,Abbreviations are not a content strategy,"April 24, 2017",https://rategain.com/blog/abbreviations-are-not-a-content-strategy/,0 likes
295,The Future of Hotel Revenue Management – BOTs or Humans?,"April 18, 2017",https://rategain.com/blog/future-hotel-revenue-management-bots-humans/,0 likes
296,"Hoteliers, Learn How to Overcome the Challenges in Online Reputation Management","April 14, 2017",https://rategain.com/blog/overcome-shortcomings-challenges-in-online-reputation-management/,0 likes
297,Managing Seasonal Market Changes to Ensure your Hotel Stays on Top - Part 4,"April 13, 2017",https://rategain.com/blog/managing-seasonal-market-changes-hotel-stays-top-part4/,0 likes
298,Managing Seasonal Market Changes to Ensure your Hotel Stays on Top - Part 3,"April 11, 2017",https://rategain.com/blog/seasonal-market-changes-hotels-attract-guests/,0 likes
299,Managing Seasonal Market Changes to Ensure your Hotel Stays on Top - Part 2,"April 7, 2017",https://rategain.com/blog/managing-seasonal-market-changes-hotel-stays-top-part-2/,0 likes
300,Solving the hospitality industry’s ‘content conundrum’,"April 3, 2017",https://rategain.com/blog/olving-the-hospitality-industrys-content-conundrum/,0 likes
301,Managing Seasonal Market Changes to Ensure your Hotel Stays on Top - Part 1,"April 3, 2017",https://rategain.com/blog/managing-seasonal-market-changes-hotel-stays-top/,0 likes
302,"Hoteliers, Beat the Competition and Be The Market Leaders By Adopting Automation","March 27, 2017",https://rategain.com/blog/revenue-managers-embrace-automation-market-leaders/,0 likes
303,How Can Hotels Use Google to Maximise their Online Presence?,"March 17, 2017",https://rategain.com/blog/how-hotels-use-google-maximise-online-presence/,0 likes
304,Revenue Management & Marketing Automation can Help Independent Hotels Stay Ahead,"March 14, 2017",https://rategain.com/blog/revenue-management-marketing-automation-for-independent-hotels/,0 likes
305,Big Data Challenge,"March 8, 2017",https://rategain.com/blog/big-data-challenge/,0 likes
306,"Hoteliers, Design Your Revenue Management Strategy in Pre-Opening Stage","March 2, 2017",https://rategain.com/blog/hotel-revenue-management-strategy-pre-opening/,0 likes
307,"Hoteliers, Keep a Track of Events and Holidays To Increase your Revenue Many Folds","February 20, 2017",https://rategain.com/blog/track-events-and-holidays-increase-hotel-revenue/,0 likes
308,3 Effective Hotel Pricing Strategy Can Boost Your Hotel Revenue,"February 13, 2017",https://rategain.com/blog/effective-hotel-pricing-strategy-to-boost-revenue/,2 likes
309,How to Manage Hotel's Online Reviews & Guest Experience,"February 2, 2017",https://rategain.com/blog/how-to-manage-hotel-online-reviews/,0 likes
310,Why Should Hotels Pay Special Attention to Demand Forecasting?,"January 25, 2017",https://rategain.com/blog/why-should-hotels-pay-special-attention-to-demand-forecasting/,0 likes
311,"The Brilliant Hotelier: Face to face with Deanna Jayasundera from Theme Resorts and Spas, Sri Lanka","January 16, 2017",https://rategain.com/blog/brilliant-hotelier-face-face-deanna-jayasundera-assistant-manager-theme-resorts-spas-sri-lanka/,0 likes
312,RateGain’s Top 12 Blogs of 2016,"January 3, 2017",https://rategain.com/blog/rategains-top-12-blogs-of-2016/,0 likes
313,Managing Real-Time Room Inventories Across Multiple OTAs,"December 27, 2016",https://rategain.com/blog/managing-real-time-room-inventories-across-multiple-otas/,0 likes
314,"The Brilliant Hotelier: Face 2 Face with Ria Roberto, the Director of Revenue Management at Kenz Hotel Management, UAE","December 19, 2016",https://rategain.com/blog/the-brilliant-hotelier-face-2-face-with-ria-roberto-the-director-of-revenue-management-at-kenz-hotel-management-abu/,0 likes
315,Be the Revenue Management Hero of your Hotel,"November 28, 2016",https://rategain.com/blog/be-the-revenue-management-hero-of-your-hotel/,0 likes
316,"Hotels, Let’s Go Direct!","November 23, 2016",https://rategain.com/blog/hotels-lets-go-direct/,0 likes
317,Tips to Build Customer Loyalty for Your Restaurant,"November 21, 2016",https://rategain.com/blog/tips-to-build-customer-loyalty-for-your-restaurant/,0 likes
318,"Systems Reliability, A Necessity for Hotel Operations: Part 2","November 18, 2016",https://rategain.com/blog/systems-reliability-a-necessity-for-hotel-operations-part-2/,0 likes
319,Is Your Hotel United by Goals but Divided by Systems?,"November 16, 2016",https://rategain.com/blog/is-your-hotel-united-by-goals-but-divided-by-systems/,0 likes
320,"The Brilliant Hotelier: Face 2 Face with I Nyoman Astama, General Manager of the Bali Niksoma Boutique Beach Resort","November 15, 2016",https://rategain.com/blog/the-brilliant-hotelier-face-2-face-with-i-nyoman-astama-general-manager-of-the-bali-niksoma-boutique-beach-resort/,0 likes
321,"Systems Reliability, A Necessity for Hotel Operations: Part 1","November 11, 2016",https://rategain.com/blog/systems-reliability-a-necessity-for-hotel-operations-part-1/,0 likes
322,Is your Hotel Website Ready for Google's Latest Mobile Updates,"November 8, 2016",https://rategain.com/blog/is-your-hotel-website-ready-for-googles-latest-mobile-updates/,0 likes
323,Optimize Your Hotel’s SEO and Mobile Strategy,"November 3, 2016",https://rategain.com/blog/optimize-your-hotels-seo-and-mobile-strategy/,0 likes
324,"The Brilliant Hotelier: Face 2 Face with Stavros Drakou, Director at Cyprotels Hotels and Resorts, Cyprus","November 2, 2016",https://rategain.com/blog/the-brilliant-hotelier-face-2-face-with-stavros-drakou-director-at-cyprotels-hotels-and-resorts-cyprus/,0 likes
325,What’s spookier than Halloween for Hoteliers?,"October 26, 2016",https://rategain.com/blog/whats-spookier-than-halloween-for-hoteliers/,0 likes
326,Tapping the phenomenal potential of the Asia Pacific region,"October 10, 2016",https://rategain.com/blog/tapping-the-phenomenal-potential-of-the-asia-pacific-region/,0 likes
327,"The Brilliant Hotelier: Face 2 Face with Trisna Widia, Marketing & E-Commerce Manager, Prime Plaza Hotels and Resorts, Indonesia","October 6, 2016",https://rategain.com/blog/the-brilliant-hotelier-face-2-face-with-trisna-widia-marketing-e-commerce-manager-prime-plaza-hotels-and-resorts-indonesia/,0 likes
328,How to Increase Hotel Direct Bookings? Don’t Ignore the Role of a Booking Engine,"September 26, 2016",https://rategain.com/blog/how-to-increase-hotel-direct-bookings-dont-ignore-the-role-of-a-booking-engine/,0 likes
329,Weary of Disruption? 5 Simple Steps to Disrupt the Disruptions in the Rapidly Changing Hospitality Industry,"September 21, 2016",https://rategain.com/blog/weary-of-disruption-5-simple-steps-to-disrupt-the-disruptions-in-the-rapidly-changing-hospitality-industry/,0 likes
330,Disruption in the Hotel Industry and Changing Face of the Global Travel Market,"September 16, 2016",https://rategain.com/blog/disruption-in-the-hotel-industry-and-changing-face-of-the-global-travel-market/,0 likes
331,"The Brilliant Hotelier: Tête-à-Tête with Richard Lewis, the CEO of Landmark Hotels, Dubai","September 15, 2016",https://rategain.com/blog/the-brilliant-hotelier-tete-a-tete-with-richard-lewis-the-ceo-of-landmark-hotels-dubai/,0 likes
332,The fast-changing world of hospitality distribution,"September 12, 2016",https://rategain.com/blog/rapid-technological-change-spells-disruption-and-opportunity/,0 likes
333,"Hotels, Are You Prepared for Digital Detox Travelers?","September 6, 2016",https://rategain.com/blog/hotels-are-you-prepared-for-digital-detox-travelers/,0 likes
334,"The Brilliant Hotelier: Face 2 Face with the Revenue Director at J5 Rimal Hotel Apartments, Dubai","September 2, 2016",https://rategain.com/blog/the-brilliant-hotelier-face-2-face-with-the-revenue-director-at-j5-rimal-hotel-apartments-dubai/,0 likes
335,How Hotels of Tomorrow are Improving Guest Experience with Technology?,"September 1, 2016",https://rategain.com/blog/how-hotels-of-tomorrow-are-improving-guest-experience-with-technology/,0 likes
336,Sharing economy and alternative lodging offer great opportunities,"August 29, 2016",https://rategain.com/blog/sharing-economy-and-alternative-lodging-offer-great-opportunities/,0 likes
337,How can Hotels Generate More Revenue from Customer Loyalty - Part II,"August 25, 2016",https://rategain.com/blog/how-can-hotels-generate-more-revenue-from-customer-loyalty-part-ii/,0 likes
338,How can Hotels Generate More Revenue from Customer Loyalty - Part I,"August 19, 2016",https://rategain.com/blog/how-can-hotels-generate-more-revenue-from-customer-loyalty-part-i/,0 likes
339,Travel agents: a re-emerging force in hospitality distribution,"August 15, 2016",https://rategain.com/blog/travel-agents-a-re-emerging-force-in-hospitality-distribution/,0 likes
340,5 Things About Hotel Revenue Management Your Boss Wants to Know – Part II,"July 28, 2016",https://rategain.com/blog/top-5-things-about-hotel-revenue-management-your-boss-wants-to-know/,0 likes
341,Pikachu Conjures his Pokemon Friends for Increasing Hotel Revenues,"July 26, 2016",https://rategain.com/blog/pikachu-conjures-his-pokemon-friends-for-increasing-hotel-revenues/,0 likes
342,The sensible economics of 'one to many',"July 26, 2016",https://rategain.com/blog/the-sensible-economics-of-one-to-many/,0 likes
343,5 Things About Hotel Revenue Management Your Boss Wants to Know - Part I,"July 22, 2016",https://rategain.com/blog/5-things-about-hotel-revenue-management-your-boss-wants-to-know-part-i/,0 likes
344,"Hotels, Improve your Online Distribution Strategy with Six Simple Tips","July 12, 2016",https://rategain.com/blog/hotels-improve-your-online-distribution-strategy-with-six-simple-tips/,0 likes
345,How to Ensure the Demand Generated is Translated into Increased Revenues?,"July 11, 2016",https://rategain.com/blog/how-to-ensure-the-demand-generated-is-translated-into-increased-revenues/,0 likes
346,"Brexit: The Impact on Travel and Tourism Industry, Now and Later","June 27, 2016",https://rategain.com/blog/brexit-the-impact-on-travel-and-tourism-industry-now-and-later/,0 likes
347,Create a new chapter in the relationship between Your Hotel & Guests with Chat Tools,"June 21, 2016",https://rategain.com/blog/create-a-new-chapter-in-the-relationship-between-your-hotel-guests-with-chat-tools/,0 likes
348,Effective Ways to Measure & Generate Demand – Part V,"June 19, 2016",https://rategain.com/blog/effective-ways-to-measure-generate-demand-building-a-revenue-culture/,0 likes
349,Effective Ways to Measure & Generate Demand – Part IV,"June 17, 2016",https://rategain.com/blog/effective-ways-to-measure-generate-demand-part-iv/,0 likes
350,Effective Ways to Measure & Generate Demand - Part II,"June 15, 2016",https://rategain.com/blog/effective-ways-to-measure-demand-part-ii/,0 likes
351,Effective Ways to Measure & Generate Demand – Part III,"June 15, 2016",https://rategain.com/blog/effective-ways-to-measure-generate-demand-part-iii/,0 likes
352,Effective Ways to Measure and Generate Demand - Part I,"May 17, 2016",https://rategain.com/blog/effective-ways-to-measure-and-generate-demand-part-i/,0 likes
353,8 Top Tips to Choose the Right Hotel Channel Manager,"May 3, 2016",https://rategain.com/blog/8-top-tips-to-choose-the-right-hotel-channel-manager/,0 likes
354,Comparing and Contrasting Industry Problems with Revenue Optimisation,"April 27, 2016",https://rategain.com/blog/comparing-and-contrasting-industry-problems-with-revenue-optimisation/,0 likes
355,"Making Cents of RevGain: An Interview With the Revenue Manager at St. George Lycabettus Hotel, Greece","April 20, 2016",https://rategain.com/blog/making-cents-of-revgain-an-interview-with-the-revenue-manager-at-st-george-lycabettus-hotel-greece/,0 likes
356,Tapping the potential of emerging markets,"April 19, 2016",https://rategain.com/blog/tapping-the-potential-of-emerging-markets/,0 likes
357,"Unity for Revenue Management: An Interview With the Revenue Analyst at The Manila Hotel, Philippines","April 14, 2016",https://rategain.com/blog/unity-for-revenue-management-an-interview-with-the-revenue-analyst-at-the-manila-hotel-philippines/,0 likes
358,How to Choose the Right Rate Optimisation Tool for Your Hotel?,"April 6, 2016",https://rategain.com/blog/how-to-choose-the-right-rate-optimisation-tool-for-your-hotel/,0 likes
359,New partnerships underscore benefits of DHISCO’s ‘direct-to-many’ solutions,"April 4, 2016",https://rategain.com/blog/new-partnerships-underscore-benefits-of-dhiscos-direct-to-many-solutions/,0 likes
360,Airbnb: An Alternate Lodging Threat to Hotels?,"March 21, 2016",https://rategain.com/blog/airbnb-an-alternate-lodging-threat-to-hotels/,0 likes
361,21 Points to Consider while Buying a Rate Shopping Tool for Your Hotel,"March 9, 2016",https://rategain.com/blog/21-points-to-consider-while-buying-a-rate-shopping-tool-for-your-hotel/,0 likes
362,Did You Know? It’s critical to Push Rates along with Occupancy,"February 19, 2016",https://rategain.com/blog/critical-to-push-rates-along-with-occupancy/,0 likes
363,Hotel Demand Forecasting: Top 3 Ways Hoteliers Can Leverage this Strategic Management Tool,"February 12, 2016",https://rategain.com/blog/hotel-demand-forecasting-top-3-ways-hoteliers-can-leverage-this-strategic-management-tool/,0 likes
364,7 Quick Tips For Your Hotel Pre-Opening In 2017,"February 12, 2016",https://rategain.com/blog/7-quick-tips-for-your-hotel-pre-opening-in-2017/,0 likes
365,Zika virus outbreak:  Is tourism industry in Central and South America on risk?,"February 8, 2016",https://rategain.com/blog/zika-virus-outbreak-impact-on-tourism-in-central-and-south-america/,0 likes
366,How to make 35% more revenue? Tap the power of Scientific Pricing,"January 27, 2016",https://rategain.com/blog/tap-the-power-of-scientific-pricing/,0 likes
367,Want to Maximize Your Hotel Revenue? Get Your Room Forecast Accurate ASAP,"January 8, 2016",https://rategain.com/blog/want-to-maximize-your-hotel-revenue-get-your-room-forecast-accurate-asap/,0 likes
368,9 Undeniable Advantages of Hotel Room Forecasting,"January 3, 2016",https://rategain.com/blog/9-undeniable-advantages-of-hotel-room-forecasting/,0 likes
369,Golden Rules to Make the Most of Your Hotel’s Facebook Page,"December 15, 2015",https://rategain.com/blog/make-the-most-of-your-hotels-facebook-page/,0 likes
370,DHISCO’s big data challenge,"December 10, 2015",https://rategain.com/blog/dhiscos-big-data-challenge/,0 likes
371,A Revenue Management mistake that you need to avoid today,"October 23, 2015",https://rategain.com/blog/a-revenue-management-mistake-that-you-need-to-avoid-today/,0 likes
372,The UK RevPAR Growth Story: Promises and Challenges,"October 19, 2015",https://rategain.com/blog/the-uk-revpar-growth-story-promises-and-challenges/,0 likes
373,August 2015: Parity Performance. Where Does Your City Stand? – Latin America,"September 28, 2015",https://rategain.com/blog/august-2015-parity-performance-where-does-your-city-stand-latin-america/,0 likes
374,Introducing BrandGain Restaurant Module,"September 18, 2015",https://rategain.com/blog/introducing-brandgain-restaurant-module/,0 likes
375,"Q&A with new DHISCO CEO Toni Portmann, on taking Pegasus beyond the hotel switch","September 16, 2015",https://rategain.com/blog/q-and-a-with-new-dhisco-ceo-toni-portmann-on-taking-pegasus-beyond-the-hotel-switch/,0 likes
376,Revenue optimisation love story: Grandhotel Zvon  achieves 34% growth in revenue with scientific pricing,"September 16, 2015",https://rategain.com/blog/revenue-optimisation-love-storygrandhotel-zvon-achieves-34-growth-in-revenue-with-scientific-pricing/,0 likes
377,Scientific pricing is no longer the Lamborghini you can never have.,"September 14, 2015",https://rategain.com/blog/scientific-pricing-is-no-longer-the-lamborghini-you-can-never-have/,0 likes
378,"As other hotel distribution fees rise, DHISCO represents less than 1% of booking costs","August 5, 2015",https://rategain.com/blog/as-other-hotel-distribution-fees-rise-dhisco-represents-less-than-1-of-booking-costs/,0 likes
379,UNT Big Data Challenge,"July 21, 2015",https://rategain.com/blog/unt-big-data-challenge/,0 likes
380,How to improve your hotel's online reputation using a 100 year old mathematics principle,"July 16, 2015",https://rategain.com/blog/how-to-improve-your-hotels-online-reputation-using-a-100-year-old-mathematical-principle/,0 likes
381,Total Pricing,"July 13, 2015",https://rategain.com/blog/dhisco-shop-total-pricing/,0 likes
382,Update from HEDNA Barcelona: Forecast is sunny,"June 12, 2015",https://rategain.com/blog/update-from-hedna-barcelona-forecast-is-sunny/,0 likes
383,RevPar Growth in Europe: The top three cities,"June 4, 2015",https://rategain.com/blog/revpar-growth-in-europe-the-top-three-cities/,0 likes
384,The news for the hotel industry just keeps getting better,"May 19, 2015",https://rategain.com/blog/the-news-for-the-hotel-industry-just-keeps-getting-better/,0 likes
385,Three important elements your Revenue Management system is missing,"April 29, 2015",https://rategain.com/blog/three-important-elements-your-revenue-management-system-is-missing/,0 likes
386,5 ways to Maximize Hotel Revenues in the Era of Mobile Bookings,"April 21, 2015",https://rategain.com/blog/5-ways-to-maximize-hotel-revenues-in-the-era-of-mobile-bookings/,0 likes
387,Will airbnb disrupt the hotel business or just play on the sidelines?,"April 14, 2015",https://rategain.com/blog/will-airbnb-disrupt-the-hotel-business-or-just-play-on-the-sidelines/,0 likes
388,3 Questions RateGain will Answer for you at WTM Latin America,"March 23, 2015",https://rategain.com/blog/3-questions-rategain-will-answer-for-you-at-wtm-latin-america/,0 likes
389,5 Key Highlights of Super Successful RateGain’s Hotel Revenue Summit 2015 Jakarta,"March 19, 2015",https://rategain.com/blog/5-key-highlights-of-super-successful-rategains-hotel-revenue-summit-2015-jakarta/,0 likes
390,Reviews and Ratings: A simple way to use them to support your transient pricing strategy,"March 10, 2015",https://rategain.com/blog/reviews-and-ratings-a-simple-way-to-use-them-to-support-your-transient-pricing-strategy/,0 likes
391,ITB Berlin: 5 Steps to Making Your Visit a Success,"February 25, 2015",https://rategain.com/blog/itb-berlin-5-steps-to-making-your-visit-a-success/,0 likes
392,Accor Hotels Partners with RateGain for its Rate Shopping Solution Integration,"February 23, 2015",https://rategain.com/blog/accor-hotels-partners-rategain-rate-shopping-solution-integration/,0 likes
393,RateGain Bags Top Honour at The 2nd Inc. India Innovative100 Conference and Awards Gala,"February 19, 2015",https://rategain.com/blog/rategain-bags-top-honour-2nd-inc-india-innovative100-conference-awards-gala/,0 likes
394,3 Reasons to visit RateGain at ITB Berlin,"February 12, 2015",https://rategain.com/blog/3-reasons-visit-rategain-itb-berlin/,0 likes
395,Top 3 Tips to Price Your Hotel Rooms Right in 2015,"February 12, 2015",https://rategain.com/blog/top-3-tips-price-hotel-rooms-right-2015/,0 likes
396,Europe's Outlook for 2015: What it means for your Hotel,"February 9, 2015",https://rategain.com/blog/europes-outlook-2015-means-hotel/,1 like
397,"RateGain Announces Merril Yu and Sunish Sadasivan as Hotel Revenue Summit, Manila Keynote Speakers","February 6, 2015",https://rategain.com/blog/rategain-announces-merril-yu-sunish-sadasivan-hotel-revenue-summit-manila-keynote-speakers/,1 like
398,"Join RateGain at Hotel Revenue Summit, Manila on February 12th, 2015","February 4, 2015",https://rategain.com/blog/join-rategain-hotel-revenue-summit-manila-february-12th-2015/,1 like
